data_hora;ip_origem;ip_destino;pais_origem;tipo_ataque
10/01/2023 10:15;192.168.1.1;200.200.1.1;Brasil;Tentativa de Invasao
11/01/2023 11:00;10.10.10.10;200.200.1.2;China;Phishing
12/01/2023 09:10;8.8.8.8;200.200.1.1;EUA;Tentativa de Invasao
12/01/2023 12:30;1.1.1.1;200.200.1.2;Reino Unido;Phishing
13/01/2023 15:20;9.9.9.9;200.200.1.3;Alemanha;Malware
14/01/2023 09:00;127.0.0.1;200.200.1.4;Br;Tentativa de Invasao
14/01/2023 11:00;100.100.100.100;200.200.1.3;Russia;Malware
15/01/2023 15:30;192.168.1.1;200.200.1.4;Brasil;Tentativa de Invasao
16/01/2023 16:10;10.10.10.10;200.200.1.3;China;Malware
17/01/2023 12:40;8.8.8.8;200.200.1.4;EUA;Tentativa de Invasao
18/01/2023 14:00;1.1.1.1;200.200.1.3;Reino Unido;Malware
19/01/2023 13:20;9.9.9.9;200.200.1.2;Alemanha;Phishing
19/01/2023 15:40;127.0.0.1;200.200.1.3;Br;Malware
20/01/2023 12:50;100.100.100.100;200.200.1.4;Russia;Tentativa de Invasao
20/01/2023 15:10;192.168.1.1;200.200.1.2;Brasil;Phishing
21/01/2023 10:00;10.10.10.10;200.200.1.3;China;Malware
22/01/2023 13:00;8.8.8.8;200.200.1.4;Estados Unidos;Tentativa de Invasao
23/01/2023 10:45;1.1.1.1;200.200.1.3;Reino Unido;Malware
24/01/2023 11:10;9.9.9.9;200.200.1.4;Alemanha;Tentativa de Invasao
25/01/2023 09:30;127.0.0.1;200.200.1.3;Brasil;Malware
26/01/2023 14:20;100.100.100.100;200.200.1.4;Russia;Tentativa de Invasao
27/01/2023 10:10;192.168.1.1;200.200.1.3;Brasil;Malware
28/01/2023 09:40;10.10.10.10;200.200.1.4;China;Tentativa de Invasao
28/01/2023 16:00;8.8.8.8;200.200.1.3;EUA;Malware
29/01/2023 11:15;1.1.1.1;200.200.1.4;Reino Unido;Tentativa de Invasao
30/01/2023 09:00;9.9.9.9;200.200.1.3;Alemanha;Malware
31/01/2023 15:30;127.0.0.1;200.200.1.4;Brasil;Tentativa de Invasao
